name,ra,dec,mua,mud
Vega,+18:36:56.33635,+38:47:1.2802,None,None
Betelgeuse,+5:55:10.30536,+7:24:25.4304,27.54e-3,11.30e-3
Altair,+19:50:46.99855,+8:52:05.9563,536.23e-3,385.29e-3
Polaris,+2:31:49.09456,+89:15:50.7923,44.48e-3,-11.85e-3
Pollux,+7:45:16.42,+28:1:34.5,-626.55e-3,-45.80e-3
Spica,+13:25:11.57937,-11:09:40.7501,-42.35e-3,-30.67e-3